name,surname,DNI,code,number_1 number_2
Tasia,Lunnon,36665713,1,14 13
Margarita,Gerrels,34043995,2,30 14
Lucilia,Merlin,9831190,3,4 20
Jacquie,Klemps,2231386,4,8 16
Ainslee,Bryden,12810101,5,23 14
Rhea,Johantges,10868842,6,18 6
Cammi,Causon,47277520,7,28 31
Filia,Danzig,44394804,8,5 23
Abbot,Pattrick,4205452,9,28 23
Ignazio,Dmitrichenko,49963295,10,21 11
Tobe,Leynham,9618386,11,17 3
Chelsae,Kirsche,15145068,12,3 12
Kalina,Stearns,35003930,13,13 17
Marilee,Alsina,39744484,14,30 32
Winna,Brisset,7891624,15,4 6
Aurea,Swindley,28830406,16,12 10
Emmerich,Woolmer,30412068,17,23 31
Ernestine,Walling,27753596,18,30 3
Darrelle,Messer,20470436,19,9 20
Jackie,Sainteau,35051008,20,11 31
Harry,Poltun,34604849,21,7 16
Peria,Guttridge,46568308,22,23 1
Bastien,Winship,42695000,23,25 19
Willis,Borthram,49707778,24,2 14
Guenevere,Winridge,18865227,25,16 27
Melisse,Jillions,5429120,26,3 13
Moreen,Blomefield,20513906,27,24 26
Jaynell,Clowsley,33947631,28,10 10
Consuelo,Parrington,32524939,29,21 11
Julee,Prestie,4624983,30,28 1
Linnie,Mosconi,14156626,31,24 19
Welby,Peschke,7073608,32,4 26
Ganny,Petrazzi,38113151,33,1 29
Martita,Hundal,30229403,34,26 16
Reese,Gilbart,2856197,35,5 32
Tana,Fazakerley,17304264,36,11 17
Guglielmo,Titmarsh,12271750,37,1 15
Maxim,Pestridge,18973394,38,17 21
Rice,Shapiro,37314535,39,13 3
Sherilyn,Tales,15363009,40,27 2
Dulcinea,Verdey,18542772,41,27 10
Rafaela,O'Brogane,32655024,42,9 29
Reggie,Dissman,1019871,43,18 6
Orv,Kindle,9656626,44,25 12
Agatha,Akred,11639757,45,6 11
Amandi,Coxhead,11220041,46,19 32
Adara,Nussgen,10527182,47,21 7
Dagmar,Minerdo,28108177,48,5 15
Amil,Blewmen,28378011,49,6 13
Lyman,Muckleston,22372618,50,18 7
Dulciana,Burkhill,28732793,51,17 28
Clement,Carmen,24373364,52,11 11
Mirabella,Dilland,3799993,53,32 22
Lula,McPeck,21866371,54,12 12
Lawry,Saur,47380015,55,31 28
Ricardo,Piatto,20753738,56,22 27
Gerri,Colmer,27743081,57,24 25
Trip,Farryann,42063438,58,3 12
Wendi,Mc Elory,48055426,59,26 29
Renaud,Cleyburn,17484478,60,13 12
Gilemette,Mant,48051979,61,16 12
Barbaraanne,Inkles,40543216,62,14 11
Robin,Duff,34287652,63,28 14
Gwenneth,Esseby,1110897,64,29 4
Wood,Lowdiane,28022724,65,13 26
Karrie,Lockhart,33413002,66,7 22
Hershel,Cleverley,47925350,67,24 14
Mayne,Leathers,30647433,68,16 21
Ericka,Truran,47040541,69,17 22
Staci,Streater,15925549,70,13 17
Ciro,Ronnay,44062059,71,15 25
Freddi,Gadie,15723659,72,6 6
Pegeen,Larciere,23198171,73,9 18
Corie,Grishukov,8847662,74,21 30
Nara,Frosch,9755715,75,3 10
Welby,Buddock,30909747,76,20 24
Douglas,Goligher,32662388,77,3 17
Barny,Cornwall,10426369,78,6 1
Leta,Mettrick,15925762,79,3 23
Lynnette,Kernaghan,11578848,80,26 7
Sam,Castells,10024295,81,8 14
Dalt,Leavy,21798237,82,29 14
Reuben,Ianson,29288941,83,14 4
Dari,Simla,37415927,84,6 28
Sumner,Hardaway,25468014,85,22 12
Shoshanna,Tottem,3860674,86,5 8
Edythe,Bowsher,40207561,87,21 12
Anet,Syson,1692798,88,17 2
Thorstein,Stanmer,40249544,89,18 27
Bary,Bansal,31784965,90,20 5
Rozele,Bangham,2645388,91,32 12
Sunny,Gobolos,19806700,92,28 20
Micaela,Hebditch,2467803,93,12 3
Perkin,Comello,36089770,94,7 11
Jerrome,Whipple,31611749,95,16 10
Patric,Gipps,2478246,96,12 31
Fred,Pettinger,26712890,97,13 29
Archibaldo,Rizzillo,32559073,98,25 17
Jehanna,Litzmann,26737123,99,25 25
Corbet,Berthouloume,3729996,100,12 15
Edgar,Balnave,48306488,101,6 29
Ailina,Cowill,2236492,102,6 15
Freda,Antoniazzi,4739176,103,24 20
Osbourne,Waulker,26290565,104,29 7
Lorelei,Donaghy,14384015,105,17 10
Adham,Manby,29417263,106,21 18
Murdoch,Lorraine,43110269,107,15 11
Melly,Vido,10444233,108,19 5
Gerrard,Tomas,46723000,109,26 19
Daffy,Spaxman,38667123,110,31 31
Elyssa,Radford,9628957,111,22 31
Francene,Cramond,13344833,112,1 8
Rufe,Shotter,4177997,113,5 8
Jessey,Fayne,22460854,114,23 8
Moe,Shadwick,16335850,115,28 11
Stacey,Shervil,5909751,116,13 28
Lona,Dowson,4355874,117,25 9
Philis,Tolan,20639614,118,26 22
Binny,Maplestone,23150300,119,2 21
Mari,Pyford,47059409,120,27 18
Ardine,Syms,23049289,121,32 18
Teddie,Briffett,6782745,122,2 11
Gaye,Victoria,40355850,123,3 4
Elissa,Cocke,19515179,124,28 5
Georgetta,Marklew,20777729,125,29 28
Lauritz,Redhole,14414901,126,26 6
Neal,Arnecke,24116484,127,19 31
Sax,Ludmann,7901503,128,2 7
Franni,Bordman,13929114,129,19 20
Kaja,Caveney,24761029,130,32 18
Albrecht,Alvarez,30370272,131,11 32
Ashia,Kollatsch,41882580,132,9 26
Carri,Laba,35499999,133,10 27
Jori,Simmonds,20546709,134,25 30
Barbaraanne,Millson,6946262,135,3 17
Constantino,Loines,2351817,136,21 13
Barnebas,Hindrick,48926629,137,7 27
Alie,Edward,23571094,138,22 13
Biddie,Tippin,27532195,139,20 14
Candy,Dobbins,39687007,140,18 13
Krystal,De Blasio,15910575,141,20 15
Effie,Hartin,35222151,142,11 21
Fancie,Olwen,30756179,143,17 10
Dag,Trengove,33922457,144,22 6
Fran,McElvine,48175011,145,14 12
Humphrey,Bascombe,42376017,146,27 30
Angelico,Lockner,28958703,147,20 29
Joscelin,Chavez,13740992,148,6 22
Lorelei,Eric,3253171,149,27 18
Sanson,Bednall,11895241,150,22 4
Aubry,Seldon,6359665,151,14 12
Cassandra,Mugglestone,34861423,152,6 7
Travus,Ballendine,48864801,153,27 5
Waverley,Tewkesberrie,43337938,154,28 2
Blanche,Astlatt,18220160,155,3 3
Antony,Wollen,10968268,156,32 15
Rebecca,Hodgin,21983654,157,16 1
Roderic,Augur,41156909,158,10 28
Jonie,Spender,48484912,159,24 29
Lizette,Golbourn,9129216,160,16 13
Amalie,Ciobotaru,2161131,161,18 31
Twila,Dufaur,7350384,162,30 31
Natalina,Addicott,27367322,163,21 10
Rance,Jobe,24490584,164,18 12
Sara-ann,Possell,26306704,165,21 5
Merv,Bricket,6977912,166,25 26
Austine,Veale,34856818,167,17 4
Alexei,Bachnic,46236507,168,23 16
Spenser,Jersch,47974025,169,3 5
Sullivan,Antoniottii,33583530,170,20 18
Berny,Haruard,38372036,171,23 13
Casey,Bartolomeotti,8948179,172,11 10
Eleanor,Tibbles,39279338,173,9 4
Kaja,Sandell,18220016,174,20 21
Wye,Noury,30378800,175,15 4
Olenka,Chilley,33292199,176,30 26
Crista,Pollett,43165810,177,32 2
Phylys,Gascoyen,31640604,178,32 1
Chelsae,Sabatier,23302736,179,14 32
Chet,Klosser,35453609,180,14 17
Melesa,Jagielski,46554991,181,6 27
Boot,Matten,18165634,182,1 18
Emylee,Christopher,36568447,183,29 5
Aleta,Bower,23758882,184,14 22
Shoshana,Westraw,11091322,185,19 6
Den,Cubuzzi,49853916,186,6 1
Janina,Lavrick,29336712,187,2 16
Lari,Maddick,6081550,188,6 7
Sebastian,Blackden,30541195,189,1 19
Yolanda,Bartolini,47144026,190,4 10
Leigha,Lidgely,16083584,191,22 16
Adolphe,Brockie,26980560,192,15 22
Hulda,Ethelstone,8008425,193,2 26
Elspeth,Sciacovelli,42406082,194,31 18
Galvan,Beminster,7929021,195,9 17
Merci,Foystone,6890777,196,16 13
Christabel,Merryman,45470251,197,26 29
Elvis,Brine,29089419,198,3 15
Ailene,Ziehms,49979773,199,21 13
Rudy,Bockmaster,5687938,200,31 12
Clayborne,Shapiro,37475423,201,8 15
Thurstan,Halford,14178847,202,9 18
Fair,Coslett,48068668,203,6 32
Cathie,Toun,1576090,204,9 32
Doris,Ivanichev,40937491,205,31 15
Emilio,Jurasz,7059250,206,8 15
Rudie,Mardle,8953097,207,25 20
Kayne,Florey,20695324,208,17 6
Leonidas,Beedle,2547935,209,7 1
Fionna,Steynor,35131941,210,3 10
Ezmeralda,Wardhough,47500513,211,19 28
Jackson,Aish,47725103,212,15 13
Marianna,Stagge,27508345,213,12 5
Ibby,Bromilow,18240291,214,25 31
Jeffry,Jozwik,30782077,215,25 21
Erin,Inkles,3943395,216,29 16
Belva,McIlvenna,4914539,217,29 14
Anna-maria,Paskins,22026928,218,4 7
Caryl,Denniston,45488911,219,22 9
Alane,Kemshell,5936330,220,6 19
Lotta,Bolzen,46171342,221,11 29
Max,Swinyard,48308041,222,8 21
Darcy,Christofol,34211251,223,17 13
North,Icke,35112022,224,23 5
Lethia,Dalziell,9816079,225,19 30
Bat,Grestie,22335227,226,25
Dyann,Oscroft,10193499,227,18 18
Julee,O'Henehan,30597926,228,12 6
Terrel,Beuscher,30459947,229,19 8
Izak,Peskett,27827705,230,25 31
Hirsch,Luscott,4310585,231,30 4
Wilow,Fessions,19375846,232,13 21
Knox,Langdridge,14065614,233,28 23
Trumaine,Braine,44894949,234,24 14
Burk,Rich,46256027,235,8 24
Sutton,McGerr,18226367,236,10 14
Cinnamon,Noir,49213294,237,9 7
Frederich,Mackieson,8250397,238,1 19
Whitney,Jowers,18023384,239,22 27
Dorita,Olner,41872905,240,26 6
Werner,Featherstonehaugh,19152355,241,13 5
Lauryn,Bergstrand,32986967,242,25 14
Issy,Baxster,26310707,243,4 27
Orelle,Russell,29806139,244,32 31
Aida,Holyard,22621602,245,2 7
Parnell,Dikels,12790624,246,9 9
Maximilian,Lightman,47578065,247,14 7
Lurette,Shrimptone,36513759,248,14 2
Forrest,Elston,13812167,249,23 14
Udall,Booth,32715238,250,8 3
Goraud,Dureden,29314409,251,25 8
Zedekiah,Ponton,8359768,252,8 31
Petra,Leggis,32082188,253,7 1
Morgan,Maggiore,37527281,254,12 22
Maegan,Lotwich,29479739,255,6 3
Pasquale,Craiker,32106054,256,5 30
Alina,Gookey,23798206,257,21 16
Ludovico,Chicchetto,11348770,258,19 24
Sylas,Buesden,12342593,259,20 20
Laurie,Seifenmacher,19678865,260,10 20
Maureen,Waker,10796666,261,15 24
Vinita,Kitchener,37970815,262,24 24
Caryl,Cawthery,25367633,263,23 17
Andrus,Craig,46545108,264,26 11
Danie,Vandenhoff,8153050,265,1 8
Ingelbert,Mitkov,5888605,266,20 32
Odell,Sindell,27397778,267,28 24
Miof mela,Cahalin,29850126,268,10 10
Gunner,Dewdney,11099330,269,26 24
Robinet,Khosa,43070817,270,24 3
Westbrooke,Skade,38694294,271,7 25
Aleen,Kilminster,28566271,272,29 3
Jessika,Wedlock,16629857,273,24 11
Carmita,Simonich,18367756,274,32 22
Gay,Laverenz,21722888,275,22 27
Waring,McMyler,9668146,276,25 21
Regan,Coveney,8464872,277,23 11
Fonzie,Volonte,35209980,278,11 8
Joelynn,Rubinowitz,21260196,279,32 7
Faulkner,Mawman,29861465,280,21 17
Laurene,Muat,43321828,281,23 3
Karel,Kofax,4250431,282,30 21
Jamal,Castro,11225981,283,32 21
Derward,Deware,16459282,284,11 8
Alethea,Honeywood,33599217,285,14 14
Agathe,Spurdens,35093423,286,28 1
Rollin,Hofler,34701036,287,12 7
Mirabel,Mumbeson,19268349,288,11 18
Bonnie,Greenleaf,41429753,289,23 11
Roby,D'Abbot-Doyle,7507248,290,1 1
Addia,Storr,25539607,291,32 21
Johnath,Stobart,12676799,292,19 10
Lulu,Trappe,28739262,293,10 16
Abey,Maseyk,25800030,294,21 3
Lezley,Summergill,47764617,295,3 29
Chiarra,Winear,15875424,296,13 11
Dareen,Whife,25924800,297,23 16
Yoko,Frill,38818959,298,11 19
Lindsay,Laslett,10523719,299,32 22
Kenna,Pencot,17503320,300,25 24
Peria,Armitage,31979347,301,29 28
Ardelis,Matthai,31570905,302,25 32
Angele,Beathem,15052086,303,20 23
Alicia,Wichard,2122718,304,1 28
Fulton,Adel,14840890,305,15 22
Mayer,Pettifer,15002368,306,20 27
Leigha,Hayball,28404657,307,13 18
Jammie,Cormode,23567992,308,20 13
Corey,Allsebrook,7464572,309,23 17
Gregoire,Scarlet,4962875,310,30 15
Beauregard,Fozzard,3674994,311,22 8
Cly,Paley,11403494,312,14 32
Mano,Birdall,26366622,313,3 19
Tybi,Raith,49687516,314,20 25
Tabbie,Cordell,28485021,315,12 24
Harriet,Uzzell,20043557,316,26 3
Nealy,Fruin,27660045,317,8 2
Abbot,Swadlen,6901079,318,7 23
Austine,Wetheril,30963169,319,11 21
Janie,Brugman,6094640,320,5 31
Ingram,Kopta,11312538,321,22 8
Ignacius,Fosh,21084488,322,21 28
Con,Gatley,17775935,323,14 25
Shaylynn,Bollam,20292729,324,5 30
Ella,Philipeaux,6760287,325,7 18
Ursula,Hanster,2229727,326,29 9
Ogden,Seeks,7028136,327,14 32
Pierson,Paine,40592720,328,18 9
Alister,Montford,17732514,329,24 26
Elissa,Davidsson,15420533,330,31 17
Hedvig,Daftor,20211941,331,27 21
Bern,Dace,14075302,332,24 4
Erinna,Harbert,31424472,333,21 5
Fernanda,Shimman,9645949,334,13 30
Joan,Abbots,16500447,335,26 15
Llywellyn,Tomaszewski,28617120,336,14 23
Ike,Spurge,2245937,337,16 6
Mehetabel,Scholler,46425750,338,2 32
Marion,Allon,34620350,339,10 25
Marsiella,Stammler,35577788,340,7 11
Andreas,Mugg,7244518,341,25 13
Trixi,Gurg,46662271,342,20 1
Kaela,Winsper,19968641,343,22 21
Tildi,Izon,10012849,344,15 11
Ramon,Dossett,32626380,345,23 25
Tallia,Leadbeater,3606705,346,22 14
Daron,McCritichie,41124098,347,13 29
Peyton,Musker,46515705,348,10 18
Dasha,Dioniso,12577611,349,14 7
Wilek,Brazenor,45818894,350,16 9
Daisey,Itzakson,27790309,351,24 27
Ricoriki,Stoaks,8631640,352,5 15
Jesselyn,Cabedo,33125845,353,1 3
Elly,Choudhury,37445038,354,17 25
Mart,Syfax,28989298,355,30 6
Selina,Staresmeare,33940612,356,17 31
Darryl,Playhill,24354811,357,19 9
Duncan,O'Scandall,29096320,358,32 16
Jewelle,Gadsdon,45511634,359,7 20
Sandie,Gerardeaux,37825956,360,28 21
Pancho,Ranyelld,22737371,361,31 1
Oliviero,Jecock,33162383,362,8 9
Sharleen,Whiskin,7995954,363,2 15
Datha,Montague,46796051,364,17 19
Russ,Ruler,11396367,365,23 20
Hayley,Woolen,48812669,366,32 29
Arabela,Copcote,38933868,367,15 28
Margie,Winwood,30011034,368,15 14
Tessa,Hardwell,11825841,369,13 30
Danila,Dumsday,38979444,370,20 13
Else,Deaconson,6671916,371,24 32
Burlie,Krzysztofiak,27156960,372,28 11
Enrichetta,Ormerod,10588792,373,5 8
Hendrika,McNeachtain,25958583,374,28 24
Glynda,English,9973572,375,25 16
Cody,Adanez,21109168,376,20 31
Breena,Chavrin,48255638,377,16 20
Stavros,McCaffrey,11269273,378,7 20
Izzy,Compston,39409959,379,16
Francine,Reolfi,26619686,380,17 31
Olimpia,Doohey,48332706,381,17 12
Miltie,Andrys,9072054,382,30 14
Frances,Waud,43814091,383,2 29
Hersh,Henrie,32576688,384,8 14
Auberta,Dundendale,36442697,385,3 9
Munroe,Peele,18957718,386,17 14
Bryon,Balcombe,37811795,387,20 25
Elvera,Waller-Bridge,31607685,388,14 16
Dewain,Devigne,17850803,389,11 5
Read,Ygo,49870070,390,5 27
Modesta,Jordi,39844267,391,9 3
Osborn,Brandham,37426439,392,28 30
Carl,Steeples,40403725,393,17 26
Joela,Abelevitz,17409550,394,32 23
Kleon,Arington,37401509,395,27 29
Karlie,Cail,1047658,396,21 21
Kimberly,McCerery,34654833,397,13 14
Elle,Stanley,28898020,398,12 16
Joshua,Tunmore,38125233,399,1 32
Melisent,Bridgstock,12646009,400,13 23
Zsazsa,Stolworthy,46989668,401,22 13
Rustie,Dronsfield,25168896,402,25 16
Cordula,Jallin,36932607,403,10 16
Letisha,Mendus,13286197,404,3 13
Boonie,Sibray,12961822,405,28 7
Euell,Aneley,46763106,406,4 20
Valerye,Symington,38994807,407,16 25
Siana,Jozwik,28194015,408,18 6
Stuart,McKechnie,15012772,409,14 10
Darda,Purshouse,22080395,410,30 27
Beniamino,Connelly,24977204,411,1 5
Eveline,Arndt,34332782,412,10 7
Bronson,Covotto,9149035,413,7 15
Marysa,Fishburn,11351128,414,6 7
Dixie,Rappaport,21977466,415,31 10
Mufi,Biggerdike,47226221,416,23 14
Mycah,Berzon,25865504,417,31 15
Jacenta,Moult,37251972,418,16 27
Daron,Overlow,32484712,419,19 11
Kevyn,Rubin,41176012,420,9 28
Arvie,Carl,16661743,421,19 4
Palm,Mocker,40082451,422,20 24
Agustin,Zorzetti,31330356,423,10 26
Felicle,Lozano,21477219,424,8 2
Shelbi,Bill,27050922,425,6 13
Bald,Crawford,24601425,426,20 17
Pacorro,Greeson,5915678,427,28 4
Amelie,Heinsen,32183327,428,4 11
Shantee,Ambrogetti,29805183,429,5 17
Doy,Bunch,14126112,430,2 30
Cordelie,Assard,25715155,431,23 6
Marty,Dain,17928305,432,26 13
Filbert,Wittey,28731114,433,6 22
Mohammed,Robertsson,23058851,434,17 25
Muire,Sivil,37507805,435,25 32
Tallou,Froschauer,43881982,436,7 30
Oralla,Corey,33885110,437,30 3
Rudiger,Parlet,27548682,438,5 22
Auberta,Jillitt,1187179,439,27 13
Ahmad,Haslehurst,44832321,440,22 29
Joellyn,Hoble,46469550,441,2 1
Gordon,Guyer,45930018,442,15 13
Charleen,Farthing,12354386,443,4 9
Robin,Hinckesman,33729542,444,27 13
Jocko,Speaks,44383333,445,28 18
Andriette,Siddle,42695500,446,26 28
Cori,Verdy,11369159,447,9 31
Benetta,Cheese,16385444,448,2 18
Eunice,Bickerdyke,39969691,449,21 13
Myron,Barnaclough,40569211,450,30 10
Lizzie,Marskell,11731402,451,26 10
Shelley,Manjin,48687847,452,5 18
Darice,Eallis,24442857,453,9 22
Hewet,Braundt,2288245,454,22 31
Theresina,Archbould,20102722,455,25
Callie,Winfindine,15062146,456,29 10
Dix,Craufurd,49741731,457,3 25
Kerianne,Bendelow,19447871,458,23 32
Price,Garioch,17822672,459,4 19
Caralie,Ruggier,14844489,460,8 32
Kendall,Dudlestone,7429084,461,14 12
Spencer,Fawdrie,8670478,462,25 21
Molli,Clackson,5620346,463,7 12
Reeva,Bontine,27383045,464,28 17
Halsy,Naseby,12368689,465,24 23
Amby,Bryce,4189845,466,11 28
Stacia,Blazy,13916477,467,26 30
Kayla,McDougald,33777141,468,12 29
Andrej,Coggill,21237135,469,23 25
Gustavo,Cardenoso,1769144,470,21 21
Alisun,Treadgear,35111516,471,14 21
Gerry,Pounder,37020394,472,18 2
Vernor,Doulton,8817254,473,3 1
Emily,Dyter,46552053,474,29 20
Pincus,Danahar,39235664,475,25 17
Andras,Kolodziejski,1608912,476,7 20
Siffre,Neaves,6184016,477,18 6
Odilia,Overlow,48156848,478,30 24
Ring,Redihalgh,17160787,479,25 18
Ferdy,Blakely,37645566,480,6 23
Charissa,Biskup,2198638,481,6 31
Monah,Mawman,12000502,482,11 19
Gaston,Hearle,1491850,483,21 9
Sidonia,McGougan,21556397,484,4 20
Milty,Jekyll,2111481,485,24 24
Egor,McGreay,41268247,486,12 15
Maude,Franchyonok,20025989,487,24 6
Kylila,Machon,39663654,488,6 14
Trista,Pengelly,26734022,489,29 10
Erminie,Gunter,24012058,490,31 14
Armand,Cowl,40715263,491,19 3
Hugues,Mattheeuw,18819103,492,27 11
Patric,Macari,41691307,493,1 15
Nari,O'Cannovane,39048148,494,22 27
Marge,Jordan,43763773,495,3 12
Lonny,Lambdean,44296465,496,19 12
Willi,Pinnigar,35939134,497,5 3
Gisela,Prosch,14698040,498,10 1
Valma,Crampsey,28548051,499,23 3
Constantine,Breed,8443196,500,11 12
Howard,Cardoe,28243395,501,13 11
Barnaby,Flageul,20782729,502,26 25
Ashlen,Abdy,3760244,503,13 30
Nicolea,Bonnaire,13297828,504,30 2
Tibold,Andrusov,13628227,505,3 1
Desiri,Grimwade,41726329,506,6 24
Daphne,Llewelly,6834706,507,16 22
Bevvy,Romanet,17445946,508,17 18
Ashlan,Gouldstone,41022542,509,18 17
Astrix,Camblin,25400891,510,9 18
Mikael,Gummow,16106457,511,25 1
Leeann,Dafforne,1424741,512,1 20
Moises,Hutcheson,43779275,513,22 7
Alvis,Andric,35573163,514,19 31
Jourdan,Lapthorne,34998878,515,27 31
Othello,Brundle,33715226,516,13 5
Birk,Dinse,38982894,517,5 8
Bernie,Dairton,47116615,518,10 6
Rusty,Sheppey,27163144,519,14 12
Umberto,Stear,36307513,520,20 12
Sterne,Tongue,20086105,521,5 17
Gregg,Cargon,4078225,522,22 17
Gwyn,Balderston,26720076,523,10 7
Gratia,Keir,2017088,524,21 26
Roth,Knoller,16504722,525,26 8
Gunilla,Edyson,28199665,526,5 28
Harlan,Thairs,36547497,527,22 24
Cyndy,Temporal,6793777,528,22 21
Ganny,Ingree,3908074,529,19 12
Ofella,Isworth,21227510,530,32 2
Meade,Miner,1733508,531,29 12
Rebeka,Wycliff,20798508,532,5 12
Halimeda,Alpes,32970097,533,6 10
Kerwin,Stannett,8307574,534,10 14
Hiram,Opie,44881245,535,15 21
Susana,Pattisson,2963766,536,5 11
Harmon,Seivwright,48101656,537,29 24
Reed,Ianiello,31717926,538,2 21
Reese,Molen,45182998,539,13 13
Tilly,Dussy,33292841,540,30 26
Lindsey,Rosnau,16281943,541,10 32
Wynne,Disman,48237458,542,7 5
Dene,Childes,19376000,543,29 17
Christian,Arkle,7131661,544,21 25
Veronique,Griffen,47731602,545,11 18
Tanitansy,Dugdale,43605384,546,30 27
Elton,Leale,21598872,547,27 21
Remus,Bettesworth,38162315,548,15 25
Ozzie,Kinton,25448945,549,16 21
Latisha,Smidmor,2105341,550,6 20
Maris,Knott,32693326,551,20 7
Georgina,Proffer,48075525,552,32 12
Hal,Hinrichsen,40060396,553,20 10
Consuela,Grasha,5824067,554,23 21
Glenden,Mallia,39642712,555,12 23
Damiano,Dimmne,16278240,556,28 26
Marina,Menelaws,40542501,557,23 5
Junette,Keeble,28871622,558,6 1
Rafaelita,Syvret,19844343,559,18 7
Kassie,Gandey,32832074,560,6 9
Dewey,Border,38692298,561,14 25
Corry,Commin,3752627,562,14 24
Rab,Castanho,46094222,563,9 23
Elisabeth,Will,47655167,564,28 24
Ermanno,Oddie,48070493,565,13 7
Franz,Rubroe,34401932,566,23 20
Joice,Hannay,7471747,567,4 15
Ignaz,Alldread,31574920,568,23 7
Bill,Fawke,37173491,569,25 6
Barrie,Rosensaft,47951252,570,29 15
Allissa,Farnell,11384941,571,11 30
Pryce,Halleday,10787448,572,19 21
Glori,Leedes,49299024,573,17 6
Olga,Franzini,22123662,574,18 21
Diannne,Kernley,49055657,575,11 32
Hilario,Danson,36706973,576,9 32
Gustie,Proby,48422557,577,23 12
Osbert,MacColl,11900013,578,22 30
Gerick,Ottosen,43681143,579,19 22
Koral,Locke,18104675,580,6 3
Blondie,Gauvain,5018536,581,30 17
Vasily,Fussie,38982152,582,29 9
Quinn,Swinfen,25725129,583,26 28
Saunders,Antonoczyk,28665478,584,27 6
Nariko,Ilem,5209452,585,16 26
Jamaal,Bamsey,28371052,586,24 19
Noel,Merrywether,43721870,587,29 10
Simone,Chavrin,7799002,588,7 8
Alwin,Copo,35986094,589,5 19
Rolfe,McFeat,48877101,590,6 20
Hussein,Clampe,25717698,591,31 17
Tammy,Hallad,38946093,592,13 4
Roana,Davidovitz,23004441,593,10 26
Natal,Penni,36739242,594,11 30
Nevile,Wollard,22325835,595,5 19
Garrott,Hawken,18147801,596,12 28
Tove,August,42528458,597,24 11
Mikaela,Gaylord,33211332,598,31 16
Claire,Iskowicz,29204024,599,20 18
Mario,Pfaffel,37469506,600,23 8
Crichton,Ewins,44984598,601,7 29
Ashly,Geldart,5162436,602,10 18
Gwyneth,McUre,17155128,603,5 17
Quillan,Pownall,48404160,604,21 13
Sander,Cassedy,22275523,605,28 17
Nealson,Biles,24122116,606,27 3
Korie,Fricker,35570978,607,4 21
Lynnette,Antoni,9553678,608,2 31
Delphinia,Macek,18867774,609,32 32
Jarret,Chatenet,48536803,610,27 32
Jase,Gobat,4599282,611,24 17
Caddric,Pinilla,34901860,612,26 25
Vally,Febry,42054668,613,15 7
Dennison,Webling,39404815,614,31 29
Hillyer,Vannini,39125091,615,25 11
Itch,Mattson,16101523,616,25 2
Brunhilde,Wintringham,36673065,617,13 22
Bar,Galea,6427741,618,2 16
Ursala,Marini,17904180,619,28 2
Erma,Stirzaker,16425191,620,21 10
Starlene,Gawthrope,47684562,621,14 22
Rodolfo,Poulett,34925249,622,23 26
Morry,Whitmell,15233526,623,9 12
Amelita,Vanns,20422974,624,32 9
Brigg,Kelleher,18931604,625,9 9
Robena,Barabich,49639904,626,1 11
Ely,Sharp,2365202,627,29 2
Inez,O'Dea,4673847,628,13 8
Lauritz,Ubsdell,48464306,629,8 23
Guntar,Hobell,4252104,630,19 21
Beverly,St. Louis,40141031,631,8 14
Nerty,Dotterill,15724925,632,7 15
Grazia,Eastcott,36256552,633,27 8
Andrej,Braffington,8892068,634,23 31
Anabel,Elsby,25359638,635,12 24
Juline,Checcuzzi,25371557,636,1 20
Mattheus,Camble,21290699,637,8 1
Rolland,Britee,18674994,638,31 17
Andre,Kerwood,33351957,639,6 16
Skipper,Ambrosio,6348164,640,14 21
Tatiania,Yitzhakof,27840705,641,11 29
Bernie,Neiland,4628443,642,13 30
Nealson,Emanulsson,8527798,643,26 17
Tyler,McCullogh,41704611,644,8 18
Levon,Clayton,43662548,645,4 1
Nanon,Barenskie,23435305,646,29 8
Meredithe,Gooderson,4374065,647,14 19
Jennilee,Tellwright,17621808,648,32 22
Scott,Durward,1059960,649,2 8
Zebadiah,Kopje,1568524,650,7 26
Florina,Niblock,26071709,651,1 24
Rourke,Jahnig,41737419,652,16 7
Cyrus,Marking,16694285,653,23 3
Alison,Nicol,36040310,654,32 19
Ailbert,Brimicombe,27523297,655,26 30
Thomasina,Applewhaite,25845988,656,30 4
Arther,Ripper,17592575,657,5 30
Riley,Pettwood,8814957,658,26 31
Demeter,Witts,7716575,659,17 24
Pepi,Devita,37453325,660,23 21
Isa,O'Hegertie,48111323,661,13 21
Randolf,McAlpin,18239617,662,3 23
Christiano,Salery,37543764,663,22 24
Olva,Myner,9404604,664,8 8
Mercie,Pietrowski,4447936,665,26 28
Tony,Stummeyer,18824977,666,11 28
Ado,Snipe,42523294,667,31 19
Sonnie,Laba,9451095,668,32 26
Brander,Lissandrini,41337503,669,10 22
Glynn,Judgkins,35181086,670,9 25
Normand,Wellum,8685502,671,21 6
Juditha,Benech,44131621,672,13 14
Cassi,Leatherborrow,27785217,673,21 31
Perry,Le Marchand,25960605,674,25 20
Pierette,Ventam,31215349,675,15 26
Dorian,Crumpton,22552428,676,18 6
Gerda,Hintze,4123623,677,25 16
Roselle,Blaskett,29108405,678,14 3
Nathalia,Mewes,17405928,679,22 22
Murielle,Hazelton,32280771,680,13 26
Cinnamon,Rainford,18919326,681,29 29
Eugen,Cockcroft,22515981,682,12 14
Rey,Manchett,5682719,683,14 16
Richie,Cudbertson,7133940,684,28 10
Darb,Mc Curlye,4898899,685,23 12
Jelene,Folliss,4531678,686,21 32
Codee,Shepheard,34947688,687,11 31
Sonnnie,MacSharry,29437369,688,5 6
Joellen,O'Hagan,10775121,689,1 9
Heather,Annies,25450402,690,2 28
Antoni,Bearcock,41963342,691,8 1
Romonda,Draaisma,30065310,692,20 8
Kristo,Betje,19838488,693,11 14
Martin,Fiander,41503281,694,32 12
Shannon,Porte,2983955,695,6 6
Melisenda,Popelay,22132783,696,26 7
Andreas,Argont,3688379,697,9 16
Whitney,Toffoloni,26769493,698,16 17
Derick,Kennedy,14047926,699,3 16
Sigismondo,Greedier,21462201,700,21 1
Jewel,Rogge,18607340,701,3 15
Chelsy,Bartolommeo,35554550,702,19 7
Iseabal,Van Rembrandt,36263667,703,2 27
Hester,Dearl,29004646,704,30 18
Julieta,Ricciardiello,15702065,705,4 7
Fancy,Indge,24270147,706,6 23
Gertrude,Jancar,14833525,707,10 27
Hermy,Gellibrand,41468698,708,5 8
Nealon,Faircliffe,20936925,709,27 9
Bowie,Kiddle,41222476,710,26 3
Paige,Deveral,20471517,711,28 26
Susanna,Gerriessen,28433170,712,7 29
Netta,Jeanequin,34026370,713,21 6
Bran,Longhi,42237289,714,6 21
Quinn,Clough,48634497,715,15 9
Ginnie,Blunden,38264683,716,9 4
Tadio,Gradly,41128817,717,15 13
Cathe,Lantoph,8409699,718,6 13
Brigida,Dawks,23626773,719,7 28
Keene,Sigmund,15401811,720,15 7
Tedman,Gauford,13480552,721,26 11
Adelle,McFarlane,8645649,722,14 31
Fan,Ciciotti,46730073,723,25 14
Zeke,Vedyaev,2796889,724,12 5
Frasquito,Dudden,24942641,725,6 9
Barrie,Doorey,9633312,726,23 12
Adriaens,Ferrey,26058357,727,24 13
Lora,Tyght,10880144,728,24 16
Emlyn,O'Lunney,7959629,729,28 6
Nanon,Brussell,8485067,730,8 23
Svend,Cammock,8607683,731,20 18
Nolana,Secker,43658073,732,3 20
Thorsten,O'Daly,12063667,733,21 23
Hali,Longbottom,35475896,734,19 15
Windham,Milley,21035112,735,3 7
Morgen,Cridlon,32854260,736,20 21
Jeddy,Culp,10277378,737,14 19
Reynolds,O'Glassane,47610454,738,19 1
Flinn,Ridgwell,27955188,739,23 24
Dyna,Nuss,30839240,740,21 6
Malcolm,Greenough,48546905,741,25 24
Nikolaos,Sarsfield,40188074,742,30 1
Juliette,Downey,27056116,743,32 32
Davy,Dobrovolski,19231542,744,26 6
Kaitlynn,Mosedill,17439511,745,15 5
Corrinne,McLucas,8357026,746,12 7
Elbert,Sharrard,27441312,747,23 13
Clive,Lehmann,18311882,748,5 7
Berrie,Mandeville,16896356,749,31 31
Ermengarde,Powelee,12368570,750,7 26
Amata,Draycott,30653830,751,17 12
Percival,Courtney,40481256,752,8 1
Jeffrey,Pail,1633046,753,29 11
Eunice,O'Currane,43684622,754,17 25
Ingar,Cliffe,36104209,755,10 18
Stanleigh,Riggs,35985373,756,20 6
Mable,Jeannel,19585230,757,13 27
Constance,Tregent,20217685,758,29 21
Robers,Franchyonok,5552906,759,5 28
Charley,Reisin,35981314,760,8 16
Eugene,Kadar,31686832,761,15 19
Dolli,Sonier,33048594,762,1 28
Michelle,Mc Menamin,28722936,763,24 7
Romonda,Warsop,45199948,764,14 5
Geraldine,Mirando,20533814,765,8 24
Carlos,Lovelady,39313642,766,16 25
Bert,Fulstow,16822234,767,28 13
Heloise,Seleway,25293678,768,19 30
Cleveland,Gellion,1014688,769,25 25
Quinta,Sawkin,5782937,770,26 29
Judye,Grahlmans,38247337,771,27 17
Eddie,Retallack,20615203,772,14 2
Lorenza,Nimmo,1537111,773,27 23
Margalit,Jeffray,34595006,774,32 20
Nikaniki,Guy,30649286,775,32 25
Haze,Anmore,18968038,776,30 8
Shaine,Shipley,24427837,777,2 23
Shalne,Newe,3359628,778,25 30
Gabriela,Reddecliffe,40214773,779,28 27
Aarika,Aldren,35897007,780,5 15
Consuela,Eyer,5649013,781,1 21
Claiborn,Dalloway,37263900,782,22 20
Fidelia,Tonkin,12089442,783,2 13
Palmer,Dodge,47266635,784,9 10
Frederich,Spinige,44965900,785,18 24
Niels,Albro,17020117,786,11 27
Janenna,Mundle,7428227,787,10 27
Hamel,Orlton,37135844,788,3 28
Idaline,Hiddersley,3860377,789,1 30
Vito,Stoving,16002557,790,16 30
Fidelia,Goodinson,15163187,791,26 19
Murdoch,Pasticznyk,36796004,792,24 10
Cliff,Grahlmans,37585118,793,3 9
Galvin,Hallatt,19547376,794,29 17
Latia,Tutin,48390281,795,7 2
Jeremie,Keenan,42264735,796,7 7
Ariella,Barents,22718546,797,21 2
Karol,Kuhnel,20566644,798,20 24
Bennett,Dowse,44171729,799,23 2
Jamill,Jowers,5383168,800,30 2
Brannon,Wilkie,11755895,801,26 9
Emelia,Lumsdale,22367186,802,4 13
Gary,Langhorne,27810301,803,7 27
Rod,D'Aguanno,11591149,804,14 31
Randie,Clunan,24154930,805,7 3
Kinny,Shergold,12948019,806,26 30
Cherish,Krimmer,21404767,807,20 29
Aimil,Storah,11259499,808,10 14
Zora,Fardell,2346742,809,13 3
Tessie,Fennelly,7834741,810,3 7
Keven,Sharram,3732142,811,7 20
Kaila,Lippett,17327807,812,18 8
Bernice,Peever,44120518,813,25 22
Cirillo,Kapelhoff,1887213,814,4 7
Iseabal,Scintsbury,1278728,815,20 32
Ban,Barriball,24386075,816,10 31
Inglis,Rolinson,23849726,817,12 14
Malachi,Revan,47162573,818,32 20
Rois,O'Deegan,37900362,819,15 31
Kori,Digginson,13571363,820,30 13
Freeman,Messiter,37122146,821,14 19
Broderic,Deluca,15494868,822,21 31
Hubey,Getcliffe,46054961,823,11 13
Jozef,Benito,46467645,824,22 21
Dayna,Brattan,13432045,825,15 25
Emmeline,Claughton,40180495,826,14 17
Noll,McAirt,13618813,827,1 8
Fletch,Mount,45118697,828,25 24
Ker,Mosedall,13553365,829,26 27
Hilary,Cluse,6109211,830,17 2
Ravid,Epine,36008047,831,24 7
Mathew,Wickey,42959247,832,6 29
Grayce,McSwan,35580730,833,20 32
Clayson,Assur,18081895,834,11 11
Gilberta,Rebbeck,19000490,835,27 29
Delores,Twitching,31213293,836,8 10
Lacy,Vosse,4858976,837,17 22
Tyson,Kilfeather,47417735,838,29 3
Leeland,Bruntje,38899903,839,10 18
Cole,Cullingworth,40167000,840,22 8
Valerye,Maken,28467302,841,17 26
Daphne,Wyson,17965820,842,14 22
Fulton,Menzies,32150975,843,20 26
Eleni,Millery,22638924,844,32 7
Saxon,Drewitt,49145412,845,1 4
Whitby,Bramwich,1085243,846,27 21
Horatia,Vlasyev,7979324,847,4 31
Nev,Senechell,18012675,848,12 7
Kelly,Ahrenius,3960561,849,6 12
Rowe,Stanluck,25977869,850,9 25
Bail,Tuison,32780659,851,3 8
Dasie,Chree,23749841,852,24 13
Farris,Mathewes,14857141,853,15 1
Cherilynn,Raiker,5213745,854,15 23
Odell,Eastby,7882096,855,30 29
Estevan,Madgwick,11233551,856,13 11
Eberto,Esom,25062571,857,22 17
Salem,Scardefield,42953387,858,8 24
Conant,Insworth,43101137,859,6 3
Anselma,Flarity,43300807,860,27 12
Gram,Airey,41533121,861,26 30
Lorry,Ashbridge,6093083,862,8 9
Kirstyn,Wakeman,9221224,863,10 27
Clerissa,Chainey,8502614,864,20 31
Claiborne,Dalliwater,28937911,865,29 15
Kennedy,Shalloe,39499156,866,19 13
Bearnard,Gollard,27934247,867,29 7
Marie-ann,Skrines,1358109,868,6 10
Rudd,McInility,25804360,869,18 31
Raynard,Godden,23429586,870,23 31
Honoria,Zanini,11374893,871,5 31
Maureen,Doherty,1789238,872,4 28
Sibyl,Bonnet,48438414,873,15 12
Emmie,Eastcott,49834273,874,2 4
Blancha,oldey,9026034,875,21 10
Annamaria,Brunsen,28712785,876,10 4
Lusa,Heustace,25125390,877,9 2
Eden,Headings,37628026,878,11 28
Temple,Bazoche,1800502,879,5 19
Gayleen,De Maria,34826867,880,3 21
Cazzie,Morffew,10980160,881,6 13
Ardyth,Richardes,31360075,882,13 32
Hannis,Burke,44559232,883,7 15
Nataniel,Hagland,30403843,884,1 15
Iolande,Elsmere,30618551,885,16 27
Larissa,Mozzetti,16183484,886,11 24
Ethelyn,Murdy,1986350,887,1 27
Claudetta,Collick,38328090,888,28 23
Rolland,Farriar,21641692,889,7 4
Dollie,Feifer,39379309,890,8 30
Archibaldo,Birtles,17173755,891,24 6
Lyda,Riccardi,16228532,892,28 32
Clementina,Glison,22247891,893,30 28
Vick,Cranmor,15614377,894,18 13
Selinda,Kike,5095894,895,5 30
Golda,Ripsher,40963934,896,28 26
Shellie,Berthod,11743303,897,13 4
Barret,Llewelyn,9782270,898,15 5
Lynnett,Horrell,40283861,899,21 12
Rebekkah,Bucklan,11218547,900,12 12
Clemence,Jossel,16708629,901,16 29
Giovanni,Hardesty,27544311,902,30 10
Remington,Littleton,23133876,903,24 11
Corbett,Puddan,8829616,904,8 19
Isidoro,Verna,42955926,905,23 17
Gordie,Jeary,43199154,906,1 15
Jules,Maha,31261672,907,9 15
Jo,Storr,36906733,908,10 11
Lorain,Guiet,12459140,909,8 25
Eva,Vile,1656115,910,13 30
Irita,Sands,48167720,911,20 21
Hannis,Polet,40226119,912,21 21
Gordan,Rawll,19753235,913,19 11
Kristi,Derkes,47764043,914,25 22
Bradly,Punter,16447959,915,1 25
Bar,McGawn,2795535,916,1 26
Octavia,Peckett,12955101,917,22 18
Lucita,Mawdsley,40925506,918,19 15
Giles,Shelsher,43902743,919,9 17
Pierrette,Brampton,34689391,920,26 17
Richie,Hughland,44887664,921,3 22
Brooks,McDonogh,36647624,922,13 2
Ancell,Foch,36166180,923,31 19
Pinchas,Vittel,30101222,924,19 1
Sampson,Gleave,12214545,925,31 11
Michele,Popple,17414724,926,19 3
Melodee,Kender,3820224,927,16 21
Brit,Oki,25069524,928,17 28
Kele,Britian,18222819,929,4 20
Bryn,Dowtry,36554390,930,30 11
Bernette,Probert,39134315,931,16 2
Alvinia,Sharple,20558093,932,8 1
Barny,Vinas,36993878,933,16 8
Merrielle,Craik,25790638,934,9 5
Herminia,Lympany,4736763,935,5 4
Beltran,Gowland,30825838,936,24 24
Woody,MacLoughlin,3073703,937,12 3
Jacquelynn,Perceval,13246334,938,24 2
Cilka,Jikylls,32432021,939,21 15
Torrin,Gault,11578835,940,7 28
Barde,McDonand,26786972,941,12 2
Maible,Mendus,41472493,942,15 23
Corenda,Millen,34171510,943,28 29
Brietta,Middlemass,17981334,944,18 6
Geralda,Aupol,44541207,945,24 13
Edeline,Allsupp,21386630,946,20 27
Angil,Hartshorne,45121395,947,26 10
Fernandina,Ibbotson,23035512,948,5 23
Cati,Feirn,32761213,949,20 16
Brandy,Synan,19722513,950,9 19
Ode,Birch,47127553,951,31 16
Nedi,Collisson,34583345,952,22 17
Nanice,Pesic,12778162,953,28 23
Issie,Fillis,33276041,954,3 31
Ker,Buckston,45372405,955,30 18
Koren,Eakley,1512249,956,23 9
Alexander,Abramof,14127142,957,4 8
Nicolas,Muffen,38386483,958,12 19
Sly,Bardnam,16160661,959,5 23
Justis,Sibthorp,19184143,960,18 10
Worthington,Nind,36750979,961,14 7
Ollie,Hearnah,36876852,962,30 19
Damian,Poulson,10776692,963,24 2
Bendick,Sandwick,10028791,964,10 17
Krysta,Salleir,26309149,965,28 4
Gray,Hurdwell,17630633,966,32 14
Scottie,Crichton,30503847,967,13 2
Kingsley,O'Connell,10320085,968,11 29
Clair,Gerson,37737787,969,28 26
Osborn,Gladwell,37535913,970,1
Levin,Sugarman,26885844,971,8 25
Caye,Whetland,23750323,972,17 24
Concordia,Bellocht,48875762,973,3 1
Cairistiona,Hearson,17162960,974,27 21
Esme,Grummitt,31170340,975,19 26
Paulita,Maycey,19887163,976,5 11
Odessa,Jaksic,29109135,977,8 10
Easter,Thomazet,32837945,978,16 32
Luci,Hinz,41954855,979,17 8
Norman,Cecil,22186807,980,17 2
Marley,Claxson,25774103,981,13 24
Marlo,de la Valette Parisot,35405732,982,1 7
Diahann,Teresa,49523205,983,5 11
Errick,Fermor,34432986,984,1 21
Carie,McVrone,23431702,985,26 24
Kylynn,Bettison,13945421,986,2 26
Riley,Matfin,26452318,987,1 10
Othella,Clearley,11686484,988,30 11
Christye,Petto,4938229,989,12 16
Geraldine,Shreve,40005471,990,8 1
Etti,Yackiminie,31960245,991,23 13
Ravi,Pepys,41986238,992,15 10
Terra,Tittershill,5456361,993,5 20
Cheslie,Bleazard,43688936,994,31 30
Jacklin,Bruton,8686139,995,29 10
Renado,Delucia,45119513,996,5 30
Trixie,Langforth,23007475,997,5 30
Ulysses,Adrain,14714650,998,3 5
Thorvald,Furmage,43895382,999,24 20
Fitz,Southerton,1436517,1000,7 29